<?xml version="1.0"?>
<doc>
    <assembly>
        <name>WinSysTunerZ</name>
    </assembly>
    <members>
        <member name="T:WinSysTunerZ.App">
            <summary>
            App
            </summary>
        </member>
        <member name="M:WinSysTunerZ.App.InitializeComponent">
            <summary>
            InitializeComponent
            </summary>
        </member>
        <member name="M:WinSysTunerZ.App.Main">
            <summary>
            Application Entry Point.
            </summary>
        </member>
        <member name="T:WinSysTunerZ.ColorPickerDialog">
            <summary>
            ColorPickerDialog
            </summary>
        </member>
        <member name="M:WinSysTunerZ.ColorPickerDialog.InitializeComponent">
            <summary>
            InitializeComponent
            </summary>
        </member>
        <member name="M:WinSysTunerZ.Helpers.LanguageManager.Apply">
            <summary>
            Wendet die aktuell gespeicherte Sprache an (z.B. bei App-Start).
            </summary>
        </member>
        <member name="M:WinSysTunerZ.Helpers.LanguageManager.Set(System.String)">
            <summary>
            Setzt und speichert die neue Sprache.
            </summary>
        </member>
        <member name="T:WinSysTunerZ.Helpers.ResourceProvider">
            <summary>
            Globale ResourceProvider-Klasse für Mehrsprachigkeit.
            Bindings z.B. über {x:Static res:ResourceProvider.Instance} im XAML.
            </summary>
        </member>
        <member name="M:WinSysTunerZ.Helpers.ResourceProvider.Refresh">
            <summary>
            Triggert PropertyChanged für alle Bindings (nach Sprachwechsel).
            </summary>
        </member>
        <member name="M:WinSysTunerZ.Helpers.ResourceProvider.ChangeCulture(System.String)">
            <summary>
            Sprache global ändern und Refresh triggern
            </summary>
        </member>
        <member name="M:WinSysTunerZ.Helpers.ThemeGenerator.Generate(System.String,System.Collections.Generic.Dictionary{System.String,System.String})">
            <summary>
            Generiert eine vollstaendige Theme XAML-Datei inkl. Colors, Brushes und Button Style.
            Speichert im User-Ordner (%APPDATA%\WinSysTunerZ\Themes).
            </summary>
        </member>
        <member name="M:WinSysTunerZ.Helpers.ThemeManager.Load">
            <summary>
            Laedt das aktuelle Theme – bevorzugt aus dem User-Profil, sonst aus App-Verzeichnis.
            </summary>
        </member>
        <member name="M:WinSysTunerZ.Helpers.ThemeManager.Set(System.String)">
            <summary>
            Setzt und speichert das neue Theme.
            </summary>
        </member>
        <member name="T:WinSysTunerZ.MainWindow">
            <summary>
            MainWindow
            </summary>
        </member>
        <member name="M:WinSysTunerZ.MainWindow.InitializeComponent">
            <summary>
            InitializeComponent
            </summary>
        </member>
        <member name="T:WinSysTunerZ.BackupPage">
            <summary>
            BackupPage
            </summary>
        </member>
        <member name="M:WinSysTunerZ.BackupPage.InitializeComponent">
            <summary>
            InitializeComponent
            </summary>
        </member>
        <member name="T:WinSysTunerZ.CleanerPage">
            <summary>
            CleanerPage
            </summary>
        </member>
        <member name="M:WinSysTunerZ.CleanerPage.InitializeComponent">
            <summary>
            InitializeComponent
            </summary>
        </member>
        <member name="T:WinSysTunerZ.CmdToolsPage">
            <summary>
            CmdToolsPage
            </summary>
        </member>
        <member name="M:WinSysTunerZ.CmdToolsPage.InitializeComponent">
            <summary>
            InitializeComponent
            </summary>
        </member>
        <member name="T:WinSysTunerZ.HardwarePage">
            <summary>
            HardwarePage
            </summary>
        </member>
        <member name="M:WinSysTunerZ.HardwarePage.InitializeComponent">
            <summary>
            InitializeComponent
            </summary>
        </member>
        <member name="T:WinSysTunerZ.Pages.RegistryPage">
            <summary>
            RegistryPage
            </summary>
        </member>
        <member name="M:WinSysTunerZ.Pages.RegistryPage.InitializeComponent">
            <summary>
            InitializeComponent
            </summary>
        </member>
        <member name="T:WinSysTunerZ.SettingsPage">
            <summary>
            SettingsPage
            </summary>
        </member>
        <member name="M:WinSysTunerZ.SettingsPage.InitializeComponent">
            <summary>
            InitializeComponent
            </summary>
        </member>
        <member name="T:WinSysTunerZ.Resources.Resource">
            <summary>
              Eine stark typisierte Ressourcenklasse zum Suchen von lokalisierten Zeichenfolgen usw.
            </summary>
        </member>
        <member name="P:WinSysTunerZ.Resources.Resource.ResourceManager">
            <summary>
              Gibt die zwischengespeicherte ResourceManager-Instanz zurück, die von dieser Klasse verwendet wird.
            </summary>
        </member>
        <member name="P:WinSysTunerZ.Resources.Resource.Culture">
            <summary>
              Überschreibt die CurrentUICulture-Eigenschaft des aktuellen Threads für alle
              Ressourcenzuordnungen, die diese stark typisierte Ressourcenklasse verwenden.
            </summary>
        </member>
        <member name="P:WinSysTunerZ.Resources.Resource.AddTheme">
            <summary>
              Sucht eine lokalisierte Zeichenfolge, die Add Theme ähnelt.
            </summary>
        </member>
        <member name="P:WinSysTunerZ.Resources.Resource.Apply">
            <summary>
              Sucht eine lokalisierte Zeichenfolge, die Apply ähnelt.
            </summary>
        </member>
        <member name="P:WinSysTunerZ.Resources.Resource.AppTitle">
            <summary>
              Sucht eine lokalisierte Zeichenfolge, die WinSysTunerZ ähnelt.
            </summary>
        </member>
        <member name="P:WinSysTunerZ.Resources.Resource.Backup">
            <summary>
              Sucht eine lokalisierte Zeichenfolge, die Backup ähnelt.
            </summary>
        </member>
        <member name="P:WinSysTunerZ.Resources.Resource.CheckForUpdates">
            <summary>
              Sucht eine lokalisierte Zeichenfolge, die Check for Updates ähnelt.
            </summary>
        </member>
        <member name="P:WinSysTunerZ.Resources.Resource.Cleaner">
            <summary>
              Sucht eine lokalisierte Zeichenfolge, die Cleaner ähnelt.
            </summary>
        </member>
        <member name="P:WinSysTunerZ.Resources.Resource.CmdTools">
            <summary>
              Sucht eine lokalisierte Zeichenfolge, die CMD Tools ähnelt.
            </summary>
        </member>
        <member name="P:WinSysTunerZ.Resources.Resource.Hardware">
            <summary>
              Sucht eine lokalisierte Zeichenfolge, die Hardware Info ähnelt.
            </summary>
        </member>
        <member name="P:WinSysTunerZ.Resources.Resource.Language">
            <summary>
              Sucht eine lokalisierte Zeichenfolge, die Language ähnelt.
            </summary>
        </member>
        <member name="P:WinSysTunerZ.Resources.Resource.Language_English">
            <summary>
              Sucht eine lokalisierte Zeichenfolge, die Englisch ähnelt.
            </summary>
        </member>
        <member name="P:WinSysTunerZ.Resources.Resource.Language_German">
            <summary>
              Sucht eine lokalisierte Zeichenfolge, die Deutsch ähnelt.
            </summary>
        </member>
        <member name="P:WinSysTunerZ.Resources.Resource.LanguageLabel">
            <summary>
              Sucht eine lokalisierte Zeichenfolge, die Language ähnelt.
            </summary>
        </member>
        <member name="P:WinSysTunerZ.Resources.Resource.Registry">
            <summary>
              Sucht eine lokalisierte Zeichenfolge, die Registry ähnelt.
            </summary>
        </member>
        <member name="P:WinSysTunerZ.Resources.Resource.RegistryTweaksTitle">
            <summary>
              Sucht eine lokalisierte Zeichenfolge, die Registry Tweaks ähnelt.
            </summary>
        </member>
        <member name="P:WinSysTunerZ.Resources.Resource.RemoveTheme">
            <summary>
              Sucht eine lokalisierte Zeichenfolge, die Remove Theme ähnelt.
            </summary>
        </member>
        <member name="P:WinSysTunerZ.Resources.Resource.RemoveThemeCaption">
            <summary>
              Sucht eine lokalisierte Zeichenfolge, die Theme entfernen ähnelt.
            </summary>
        </member>
        <member name="P:WinSysTunerZ.Resources.Resource.RemoveThemeConfirm">
            <summary>
              Sucht eine lokalisierte Zeichenfolge, die theme {0} wirklich löschen? ähnelt.
            </summary>
        </member>
        <member name="P:WinSysTunerZ.Resources.Resource.Reset">
            <summary>
              Sucht eine lokalisierte Zeichenfolge, die Reset ähnelt.
            </summary>
        </member>
        <member name="P:WinSysTunerZ.Resources.Resource.Settings">
            <summary>
              Sucht eine lokalisierte Zeichenfolge, die Settings ähnelt.
            </summary>
        </member>
        <member name="P:WinSysTunerZ.Resources.Resource.SettingsHeadline">
            <summary>
              Sucht eine lokalisierte Zeichenfolge, die Settings Headline ähnelt.
            </summary>
        </member>
        <member name="P:WinSysTunerZ.Resources.Resource.Theme">
            <summary>
              Sucht eine lokalisierte Zeichenfolge, die Theme ähnelt.
            </summary>
        </member>
        <member name="P:WinSysTunerZ.Resources.Resource.Theme_Custom">
            <summary>
              Sucht eine lokalisierte Zeichenfolge, die Custom Theme ähnelt.
            </summary>
        </member>
        <member name="P:WinSysTunerZ.Resources.Resource.Theme_Dark">
            <summary>
              Sucht eine lokalisierte Zeichenfolge, die Dark ähnelt.
            </summary>
        </member>
        <member name="P:WinSysTunerZ.Resources.Resource.Theme_Light">
            <summary>
              Sucht eine lokalisierte Zeichenfolge, die Light ähnelt.
            </summary>
        </member>
        <member name="P:WinSysTunerZ.Resources.Resource.Theme_OLED">
            <summary>
              Sucht eine lokalisierte Zeichenfolge, die OLED ähnelt.
            </summary>
        </member>
        <member name="P:WinSysTunerZ.Resources.Resource.ThemeGenerator">
            <summary>
              Sucht eine lokalisierte Zeichenfolge, die Theme Generator ähnelt.
            </summary>
        </member>
        <member name="P:WinSysTunerZ.Resources.Resource.ThemeGenError">
            <summary>
              Sucht eine lokalisierte Zeichenfolge, die Fehler beim Generieren des Themes ähnelt.
            </summary>
        </member>
        <member name="P:WinSysTunerZ.Resources.Resource.ThemeGenSuccess">
            <summary>
              Sucht eine lokalisierte Zeichenfolge, die CustomTheme erfolgreich generiert ähnelt.
            </summary>
        </member>
        <member name="P:WinSysTunerZ.Resources.Resource.ThemeLabel">
            <summary>
              Sucht eine lokalisierte Zeichenfolge, die Theme ähnelt.
            </summary>
        </member>
        <member name="P:WinSysTunerZ.Resources.Resource.UpdateCheckError">
            <summary>
              Sucht eine lokalisierte Zeichenfolge, die Fehler beim Update-Check ähnelt.
            </summary>
        </member>
    </members>
</doc>
